"Scenario","Aggregation","MdbPath","Table","RowCount","DistinctSub","DateInfo"
"ssp126","Daily","C:\dev\Barrage-Hassan Dakhil\data HD\Modèle Bge HAD\Scenarios_Changement_Climatique\ssp126\SWAT_HAD\Scenarios\Daily\TablesOut\SWATOutput.mdb","sub","145730","19","yd=2039001..2059365"
"ssp126","Daily","C:\dev\Barrage-Hassan Dakhil\data HD\Modèle Bge HAD\Scenarios_Changement_Climatique\ssp126\SWAT_HAD\Scenarios\Daily\TablesOut\SWATOutput.mdb","rch","145730","19","yd=2039001..2059365"
"ssp126","Monthly","C:\dev\Barrage-Hassan Dakhil\data HD\Modèle Bge HAD\Scenarios_Changement_Climatique\ssp126\SWAT_HAD\Scenarios\Monthly\TablesOut\SWATOutput.mdb","sub","4788","19","year=2039..2059"
"ssp126","Monthly","C:\dev\Barrage-Hassan Dakhil\data HD\Modèle Bge HAD\Scenarios_Changement_Climatique\ssp126\SWAT_HAD\Scenarios\Monthly\TablesOut\SWATOutput.mdb","rch","4788","19","year=2039..2059"
"ssp126","Yearly","C:\dev\Barrage-Hassan Dakhil\data HD\Modèle Bge HAD\Scenarios_Changement_Climatique\ssp126\SWAT_HAD\Scenarios\Yearly\TablesOut\SWATOutput.mdb","sub","399","19","year=2039..2059"
"ssp126","Yearly","C:\dev\Barrage-Hassan Dakhil\data HD\Modèle Bge HAD\Scenarios_Changement_Climatique\ssp126\SWAT_HAD\Scenarios\Yearly\TablesOut\SWATOutput.mdb","rch","399","19","year=2039..2059"
"ssp245","Daily","C:\dev\Barrage-Hassan Dakhil\data HD\Modèle Bge HAD\Scenarios_Changement_Climatique\ssp245\SWAT_HAD\Scenarios\Daily\TablesOut\SWATOutput.mdb","sub","145730","19","yd=2039001..2059365"
"ssp245","Daily","C:\dev\Barrage-Hassan Dakhil\data HD\Modèle Bge HAD\Scenarios_Changement_Climatique\ssp245\SWAT_HAD\Scenarios\Daily\TablesOut\SWATOutput.mdb","rch","145730","19","yd=2039001..2059365"
"ssp245","Monthly","C:\dev\Barrage-Hassan Dakhil\data HD\Modèle Bge HAD\Scenarios_Changement_Climatique\ssp245\SWAT_HAD\Scenarios\Monthly\TablesOut\SWATOutput.mdb","sub","4788","19","year=2039..2059"
"ssp245","Monthly","C:\dev\Barrage-Hassan Dakhil\data HD\Modèle Bge HAD\Scenarios_Changement_Climatique\ssp245\SWAT_HAD\Scenarios\Monthly\TablesOut\SWATOutput.mdb","rch","4788","19","year=2039..2059"
"ssp245","Yearly","C:\dev\Barrage-Hassan Dakhil\data HD\Modèle Bge HAD\Scenarios_Changement_Climatique\ssp245\SWAT_HAD\Scenarios\Yearly\TablesOut\SWATOutput.mdb","sub","399","19","year=2039..2059"
"ssp245","Yearly","C:\dev\Barrage-Hassan Dakhil\data HD\Modèle Bge HAD\Scenarios_Changement_Climatique\ssp245\SWAT_HAD\Scenarios\Yearly\TablesOut\SWATOutput.mdb","rch","399","19","year=2039..2059"
"ssp585","Daily","C:\dev\Barrage-Hassan Dakhil\data HD\Modèle Bge HAD\Scenarios_Changement_Climatique\ssp585\SWAT_HAD\Scenarios\Daily\TablesOut\SWATOutput.mdb","sub","145730","19","yd=2039001..2059365"
"ssp585","Daily","C:\dev\Barrage-Hassan Dakhil\data HD\Modèle Bge HAD\Scenarios_Changement_Climatique\ssp585\SWAT_HAD\Scenarios\Daily\TablesOut\SWATOutput.mdb","rch","145730","19","yd=2039001..2059365"
"ssp585","Monthly","C:\dev\Barrage-Hassan Dakhil\data HD\Modèle Bge HAD\Scenarios_Changement_Climatique\ssp585\SWAT_HAD\Scenarios\Monthly\TablesOut\SWATOutput.mdb","sub","4788","19","year=2039..2059"
"ssp585","Monthly","C:\dev\Barrage-Hassan Dakhil\data HD\Modèle Bge HAD\Scenarios_Changement_Climatique\ssp585\SWAT_HAD\Scenarios\Monthly\TablesOut\SWATOutput.mdb","rch","4788","19","year=2039..2059"
"ssp585","Yearly","C:\dev\Barrage-Hassan Dakhil\data HD\Modèle Bge HAD\Scenarios_Changement_Climatique\ssp585\SWAT_HAD\Scenarios\Yearly\TablesOut\SWATOutput.mdb","sub","399","19","year=2039..2059"
"ssp585","Yearly","C:\dev\Barrage-Hassan Dakhil\data HD\Modèle Bge HAD\Scenarios_Changement_Climatique\ssp585\SWAT_HAD\Scenarios\Yearly\TablesOut\SWATOutput.mdb","rch","399","19","year=2039..2059"
"unknown","Daily","C:\dev\Barrage-Hassan Dakhil\data HD\Modèle Bge HAD\Scénarios_d’atténuation_d’érosion_(reboissement)\Scénario 1\SWAT_HAD\Scenarios\Daily\TablesOut\SWATOutput.mdb","sub","198930","19","yd=1995001..2023243"
"unknown","Daily","C:\dev\Barrage-Hassan Dakhil\data HD\Modèle Bge HAD\Scénarios_d’atténuation_d’érosion_(reboissement)\Scénario 1\SWAT_HAD\Scenarios\Daily\TablesOut\SWATOutput.mdb","rch","198930","19","yd=1995001..2023243"
"unknown","Yearly","C:\dev\Barrage-Hassan Dakhil\data HD\Modèle Bge HAD\Scénarios_d’atténuation_d’érosion_(reboissement)\Scénario 1\SWAT_HAD\Scenarios\Yearly\TablesOut\SWATOutput.mdb","sub","551","19","year=1995..2023"
"unknown","Yearly","C:\dev\Barrage-Hassan Dakhil\data HD\Modèle Bge HAD\Scénarios_d’atténuation_d’érosion_(reboissement)\Scénario 1\SWAT_HAD\Scenarios\Yearly\TablesOut\SWATOutput.mdb","rch","551","19","year=1995..2023"
"unknown","Daily","C:\dev\Barrage-Hassan Dakhil\data HD\Modèle Bge HAD\Scénarios_d’atténuation_d’érosion_(reboissement)\Scénario 2\SWAT_HAD\Scenarios\Daily\TablesOut\SWATOutput.mdb","sub","198930","19","yd=1995001..2023243"
"unknown","Daily","C:\dev\Barrage-Hassan Dakhil\data HD\Modèle Bge HAD\Scénarios_d’atténuation_d’érosion_(reboissement)\Scénario 2\SWAT_HAD\Scenarios\Daily\TablesOut\SWATOutput.mdb","rch","198930","19","yd=1995001..2023243"
"unknown","Yearly","C:\dev\Barrage-Hassan Dakhil\data HD\Modèle Bge HAD\Scénarios_d’atténuation_d’érosion_(reboissement)\Scénario 2\SWAT_HAD\Scenarios\Yearly\TablesOut\SWATOutput.mdb","sub","551","19","year=1995..2023"
"unknown","Yearly","C:\dev\Barrage-Hassan Dakhil\data HD\Modèle Bge HAD\Scénarios_d’atténuation_d’érosion_(reboissement)\Scénario 2\SWAT_HAD\Scenarios\Yearly\TablesOut\SWATOutput.mdb","rch","551","19","year=1995..2023"
"unknown","Daily","C:\dev\Barrage-Hassan Dakhil\data HD\Modèle Bge HAD\Scénarios_d’atténuation_d’érosion_(reboissement)\Scénario 3\SWAT_HAD\Scenarios\Daily\TablesOut\SWATOutput.mdb","sub","198930","19","yd=1995001..2023243"
"unknown","Daily","C:\dev\Barrage-Hassan Dakhil\data HD\Modèle Bge HAD\Scénarios_d’atténuation_d’érosion_(reboissement)\Scénario 3\SWAT_HAD\Scenarios\Daily\TablesOut\SWATOutput.mdb","rch","198930","19","yd=1995001..2023243"
"unknown","Yearly","C:\dev\Barrage-Hassan Dakhil\data HD\Modèle Bge HAD\Scénarios_d’atténuation_d’érosion_(reboissement)\Scénario 3\SWAT_HAD\Scenarios\Yearly\TablesOut\SWATOutput.mdb","sub","551","19","year=1995..2023"
"unknown","Yearly","C:\dev\Barrage-Hassan Dakhil\data HD\Modèle Bge HAD\Scénarios_d’atténuation_d’érosion_(reboissement)\Scénario 3\SWAT_HAD\Scenarios\Yearly\TablesOut\SWATOutput.mdb","rch","551","19","year=1995..2023"
"unknown","Daily","C:\dev\Barrage-Hassan Dakhil\data HD\Modèle Bge HAD\Scénarios_d’atténuation_d’érosion_(reboissement)\Scénario 4\SWAT_HAD\Scenarios\Daily\TablesOut\SWATOutput.mdb","sub","198930","19","yd=1995001..2023243"
"unknown","Daily","C:\dev\Barrage-Hassan Dakhil\data HD\Modèle Bge HAD\Scénarios_d’atténuation_d’érosion_(reboissement)\Scénario 4\SWAT_HAD\Scenarios\Daily\TablesOut\SWATOutput.mdb","rch","198930","19","yd=1995001..2023243"
"unknown","Yearly","C:\dev\Barrage-Hassan Dakhil\data HD\Modèle Bge HAD\Scénarios_d’atténuation_d’érosion_(reboissement)\Scénario 4\SWAT_HAD\Scenarios\Yearly\TablesOut\SWATOutput.mdb","sub","551","19","year=1995..2023"
"unknown","Yearly","C:\dev\Barrage-Hassan Dakhil\data HD\Modèle Bge HAD\Scénarios_d’atténuation_d’érosion_(reboissement)\Scénario 4\SWAT_HAD\Scenarios\Yearly\TablesOut\SWATOutput.mdb","rch","551","19","year=1995..2023"
